PRAGMA foreign_keys=OFF;
BEGIN TRANSACTION;
CREATE TABLE IF NOT EXISTS "django_migrations" ("id" integer NOT NULL PRIMARY KEY AUTOINCREMENT, "app" varchar(255) NOT NULL, "name" varchar(255) NOT NULL, "applied" datetime NOT NULL);
INSERT INTO django_migrations VALUES(1,'contenttypes','0001_initial','2025-02-24 13:14:01.717998');
INSERT INTO django_migrations VALUES(2,'auth','0001_initial','2025-02-24 13:14:01.741963');
INSERT INTO django_migrations VALUES(3,'admin','0001_initial','2025-02-24 13:14:01.760825');
INSERT INTO django_migrations VALUES(4,'admin','0002_logentry_remove_auto_add','2025-02-24 13:14:01.775660');
INSERT INTO django_migrations VALUES(5,'admin','0003_logentry_add_action_flag_choices','2025-02-24 13:14:01.787909');
INSERT INTO django_migrations VALUES(6,'contenttypes','0002_remove_content_type_name','2025-02-24 13:14:01.807482');
INSERT INTO django_migrations VALUES(7,'auth','0002_alter_permission_name_max_length','2025-02-24 13:14:01.819672');
INSERT INTO django_migrations VALUES(8,'auth','0003_alter_user_email_max_length','2025-02-24 13:14:01.833327');
INSERT INTO django_migrations VALUES(9,'auth','0004_alter_user_username_opts','2025-02-24 13:14:01.846205');
INSERT INTO django_migrations VALUES(10,'auth','0005_alter_user_last_login_null','2025-02-24 13:14:01.861756');
INSERT INTO django_migrations VALUES(11,'auth','0006_require_contenttypes_0002','2025-02-24 13:14:01.868855');
INSERT INTO django_migrations VALUES(12,'auth','0007_alter_validators_add_error_messages','2025-02-24 13:14:01.882212');
INSERT INTO django_migrations VALUES(13,'auth','0008_alter_user_username_max_length','2025-02-24 13:14:01.898605');
INSERT INTO django_migrations VALUES(14,'auth','0009_alter_user_last_name_max_length','2025-02-24 13:14:01.912414');
INSERT INTO django_migrations VALUES(15,'auth','0010_alter_group_name_max_length','2025-02-24 13:14:01.926741');
INSERT INTO django_migrations VALUES(16,'auth','0011_update_proxy_permissions','2025-02-24 13:14:01.938771');
INSERT INTO django_migrations VALUES(17,'auth','0012_alter_user_first_name_max_length','2025-02-24 13:14:01.953537');
INSERT INTO django_migrations VALUES(18,'sessions','0001_initial','2025-02-24 13:14:01.972384');
INSERT INTO django_migrations VALUES(19,'messaging','0001_initial','2025-02-24 13:14:21.081583');
CREATE TABLE IF NOT EXISTS "auth_group_permissions" ("id" integer NOT NULL PRIMARY KEY AUTOINCREMENT, "group_id" integer NOT NULL REFERENCES "auth_group" ("id") DEFERRABLE INITIALLY DEFERRED, "permission_id" integer NOT NULL REFERENCES "auth_permission" ("id") DEFERRABLE INITIALLY DEFERRED);
CREATE TABLE IF NOT EXISTS "auth_user_groups" ("id" integer NOT NULL PRIMARY KEY AUTOINCREMENT, "user_id" integer NOT NULL REFERENCES "auth_user" ("id") DEFERRABLE INITIALLY DEFERRED, "group_id" integer NOT NULL REFERENCES "auth_group" ("id") DEFERRABLE INITIALLY DEFERRED);
CREATE TABLE IF NOT EXISTS "auth_user_user_permissions" ("id" integer NOT NULL PRIMARY KEY AUTOINCREMENT, "user_id" integer NOT NULL REFERENCES "auth_user" ("id") DEFERRABLE INITIALLY DEFERRED, "permission_id" integer NOT NULL REFERENCES "auth_permission" ("id") DEFERRABLE INITIALLY DEFERRED);
CREATE TABLE IF NOT EXISTS "django_admin_log" ("id" integer NOT NULL PRIMARY KEY AUTOINCREMENT, "object_id" text NULL, "object_repr" varchar(200) NOT NULL, "action_flag" smallint unsigned NOT NULL CHECK ("action_flag" >= 0), "change_message" text NOT NULL, "content_type_id" integer NULL REFERENCES "django_content_type" ("id") DEFERRABLE INITIALLY DEFERRED, "user_id" integer NOT NULL REFERENCES "auth_user" ("id") DEFERRABLE INITIALLY DEFERRED, "action_time" datetime NOT NULL);
INSERT INTO django_admin_log VALUES(1,'2','user2',1,'[{"added": {}}]',4,1,'2025-02-24 14:33:35.703402');
INSERT INTO django_admin_log VALUES(2,'2','user2',2,'[{"changed": {"fields": ["First name", "Last name", "Email address"]}}]',4,1,'2025-02-24 14:33:47.678740');
INSERT INTO django_admin_log VALUES(3,'2','user2',2,'[{"changed": {"fields": ["Staff status"]}}]',4,1,'2025-02-24 14:46:34.351835');
CREATE TABLE IF NOT EXISTS "django_content_type" ("id" integer NOT NULL PRIMARY KEY AUTOINCREMENT, "app_label" varchar(100) NOT NULL, "model" varchar(100) NOT NULL);
INSERT INTO django_content_type VALUES(1,'admin','logentry');
INSERT INTO django_content_type VALUES(2,'auth','permission');
INSERT INTO django_content_type VALUES(3,'auth','group');
INSERT INTO django_content_type VALUES(4,'auth','user');
INSERT INTO django_content_type VALUES(5,'contenttypes','contenttype');
INSERT INTO django_content_type VALUES(6,'sessions','session');
INSERT INTO django_content_type VALUES(7,'messaging','message');
INSERT INTO django_content_type VALUES(8,'messaging','thread');
CREATE TABLE IF NOT EXISTS "auth_permission" ("id" integer NOT NULL PRIMARY KEY AUTOINCREMENT, "content_type_id" integer NOT NULL REFERENCES "django_content_type" ("id") DEFERRABLE INITIALLY DEFERRED, "codename" varchar(100) NOT NULL, "name" varchar(255) NOT NULL);
INSERT INTO auth_permission VALUES(1,1,'add_logentry','Can add log entry');
INSERT INTO auth_permission VALUES(2,1,'change_logentry','Can change log entry');
INSERT INTO auth_permission VALUES(3,1,'delete_logentry','Can delete log entry');
INSERT INTO auth_permission VALUES(4,1,'view_logentry','Can view log entry');
INSERT INTO auth_permission VALUES(5,2,'add_permission','Can add permission');
INSERT INTO auth_permission VALUES(6,2,'change_permission','Can change permission');
INSERT INTO auth_permission VALUES(7,2,'delete_permission','Can delete permission');
INSERT INTO auth_permission VALUES(8,2,'view_permission','Can view permission');
INSERT INTO auth_permission VALUES(9,3,'add_group','Can add group');
INSERT INTO auth_permission VALUES(10,3,'change_group','Can change group');
INSERT INTO auth_permission VALUES(11,3,'delete_group','Can delete group');
INSERT INTO auth_permission VALUES(12,3,'view_group','Can view group');
INSERT INTO auth_permission VALUES(13,4,'add_user','Can add user');
INSERT INTO auth_permission VALUES(14,4,'change_user','Can change user');
INSERT INTO auth_permission VALUES(15,4,'delete_user','Can delete user');
INSERT INTO auth_permission VALUES(16,4,'view_user','Can view user');
INSERT INTO auth_permission VALUES(17,5,'add_contenttype','Can add content type');
INSERT INTO auth_permission VALUES(18,5,'change_contenttype','Can change content type');
INSERT INTO auth_permission VALUES(19,5,'delete_contenttype','Can delete content type');
INSERT INTO auth_permission VALUES(20,5,'view_contenttype','Can view content type');
INSERT INTO auth_permission VALUES(21,6,'add_session','Can add session');
INSERT INTO auth_permission VALUES(22,6,'change_session','Can change session');
INSERT INTO auth_permission VALUES(23,6,'delete_session','Can delete session');
INSERT INTO auth_permission VALUES(24,6,'view_session','Can view session');
INSERT INTO auth_permission VALUES(25,7,'add_message','Can add message');
INSERT INTO auth_permission VALUES(26,7,'change_message','Can change message');
INSERT INTO auth_permission VALUES(27,7,'delete_message','Can delete message');
INSERT INTO auth_permission VALUES(28,7,'view_message','Can view message');
INSERT INTO auth_permission VALUES(29,8,'add_thread','Can add thread');
INSERT INTO auth_permission VALUES(30,8,'change_thread','Can change thread');
INSERT INTO auth_permission VALUES(31,8,'delete_thread','Can delete thread');
INSERT INTO auth_permission VALUES(32,8,'view_thread','Can view thread');
CREATE TABLE IF NOT EXISTS "auth_group" ("id" integer NOT NULL PRIMARY KEY AUTOINCREMENT, "name" varchar(150) NOT NULL UNIQUE);
CREATE TABLE IF NOT EXISTS "auth_user" ("id" integer NOT NULL PRIMARY KEY AUTOINCREMENT, "password" varchar(128) NOT NULL, "last_login" datetime NULL, "is_superuser" bool NOT NULL, "username" varchar(150) NOT NULL UNIQUE, "last_name" varchar(150) NOT NULL, "email" varchar(254) NOT NULL, "is_staff" bool NOT NULL, "is_active" bool NOT NULL, "date_joined" datetime NOT NULL, "first_name" varchar(150) NOT NULL);
INSERT INTO auth_user VALUES(1,'pbkdf2_sha256$870000$1859lwFcSyy0htvxxB7rDJ$yhOsidnTp97v88o3LOYX0bt985XdweQ0x3gXtIbQ5BI=','2025-02-24 14:14:58.282966',1,'root','','',1,1,'2025-02-24 14:14:39.945446','');
INSERT INTO auth_user VALUES(2,'pbkdf2_sha256$870000$AjXyrp8A5R5HiXnRsXVVFt$lrT/2T39aOm0xJ3xaPX3eLm7XmX8hH/zh1hzqBvECH4=','2025-02-24 14:46:37.757408',0,'user2','u','u@u.com',1,1,'2025-02-24 14:33:35','u');
CREATE TABLE IF NOT EXISTS "django_session" ("session_key" varchar(40) NOT NULL PRIMARY KEY, "session_data" text NOT NULL, "expire_date" datetime NOT NULL);
INSERT INTO django_session VALUES('k0v98g04amk27x2lriry0hz82hb46mt9','.eJxVjDsOwjAQBe_iGlnxJ_5Q0nMGa727xgHkSHFSIe4OkVJA-2bmvUSCba1p67ykicRZKHH63TLgg9sO6A7tNkuc27pMWe6KPGiX15n4eTncv4MKvX7rEYPXTgU1BjOQ8cxoAoSSObvB2shkKDj0oAkicPTFOKM1grbWlaLE-wPYJjfh:1tmZEY:QnfU5NeBFsWCGn9iF8IL7b5Tstu4C5vtCxoKUN0kRMk','2025-03-10 14:14:58.290242');
INSERT INTO django_session VALUES('mr8rrqyawp7760ish57qlp81znbrble1','.eJxVjMsOwiAQRf-FtSEDCAMu3fcbCI9BqgaS0q6M_65NutDtPefcF_NhW6vfBi1-zuzCJDv9bjGkB7Ud5Htot85Tb-syR74r_KCDTz3T83q4fwc1jPqtI1p0xShtjS0kEIzISAbJxURICgCs0gIw6HPSkGSJOmXpHDmIlAN7fwDLKze4:1tmZjB:vvpImR-q1LOCs9A4Pm0Tm2FhZ3oJpdcpKImUCX4S-LU','2025-03-10 14:46:37.765275');
CREATE TABLE IF NOT EXISTS "messaging_thread" ("id" integer NOT NULL PRIMARY KEY AUTOINCREMENT, "created" datetime NOT NULL, "modified" datetime NOT NULL, "participant1_id" integer NOT NULL REFERENCES "auth_user" ("id") DEFERRABLE INITIALLY DEFERRED, "participant2_id" integer NOT NULL REFERENCES "auth_user" ("id") DEFERRABLE INITIALLY DEFERRED);
INSERT INTO messaging_thread VALUES(2,'2025-02-24 14:35:38.856038','2025-02-24 14:51:21.333286',1,2);
CREATE TABLE IF NOT EXISTS "messaging_message" ("id" integer NOT NULL PRIMARY KEY AUTOINCREMENT, "text" text NOT NULL, "created" datetime NOT NULL, "is_read" bool NOT NULL, "sender_id" integer NOT NULL REFERENCES "auth_user" ("id") DEFERRABLE INITIALLY DEFERRED, "thread_id" bigint NOT NULL REFERENCES "messaging_thread" ("id") DEFERRABLE INITIALLY DEFERRED);
INSERT INTO messaging_message VALUES(1,'hi, Isi Tech','2025-02-24 14:41:22.084054',0,1,2);
INSERT INTO messaging_message VALUES(2,'hi, qiwistw','2025-02-24 14:41:40.204788',0,1,2);
INSERT INTO messaging_message VALUES(3,'hi bro','2025-02-24 14:47:11.987875',1,2,2);
INSERT INTO messaging_message VALUES(4,'how its going','2025-02-24 14:51:21.325170',0,1,2);
DELETE FROM sqlite_sequence;
INSERT INTO sqlite_sequence VALUES('django_migrations',19);
INSERT INTO sqlite_sequence VALUES('django_admin_log',3);
INSERT INTO sqlite_sequence VALUES('django_content_type',8);
INSERT INTO sqlite_sequence VALUES('auth_permission',32);
INSERT INTO sqlite_sequence VALUES('auth_group',0);
INSERT INTO sqlite_sequence VALUES('auth_user',2);
INSERT INTO sqlite_sequence VALUES('messaging_thread',2);
INSERT INTO sqlite_sequence VALUES('messaging_message',4);
CREATE UNIQUE INDEX "auth_group_permissions_group_id_permission_id_0cd325b0_uniq" ON "auth_group_permissions" ("group_id", "permission_id");
CREATE INDEX "auth_group_permissions_group_id_b120cbf9" ON "auth_group_permissions" ("group_id");
CREATE INDEX "auth_group_permissions_permission_id_84c5c92e" ON "auth_group_permissions" ("permission_id");
CREATE UNIQUE INDEX "auth_user_groups_user_id_group_id_94350c0c_uniq" ON "auth_user_groups" ("user_id", "group_id");
CREATE INDEX "auth_user_groups_user_id_6a12ed8b" ON "auth_user_groups" ("user_id");
CREATE INDEX "auth_user_groups_group_id_97559544" ON "auth_user_groups" ("group_id");
CREATE UNIQUE INDEX "auth_user_user_permissions_user_id_permission_id_14a6b632_uniq" ON "auth_user_user_permissions" ("user_id", "permission_id");
CREATE INDEX "auth_user_user_permissions_user_id_a95ead1b" ON "auth_user_user_permissions" ("user_id");
CREATE INDEX "auth_user_user_permissions_permission_id_1fbb5f2c" ON "auth_user_user_permissions" ("permission_id");
CREATE INDEX "django_admin_log_content_type_id_c4bce8eb" ON "django_admin_log" ("content_type_id");
CREATE INDEX "django_admin_log_user_id_c564eba6" ON "django_admin_log" ("user_id");
CREATE UNIQUE INDEX "django_content_type_app_label_model_76bd3d3b_uniq" ON "django_content_type" ("app_label", "model");
CREATE UNIQUE INDEX "auth_permission_content_type_id_codename_01ab375a_uniq" ON "auth_permission" ("content_type_id", "codename");
CREATE INDEX "auth_permission_content_type_id_2f476e4b" ON "auth_permission" ("content_type_id");
CREATE INDEX "django_session_expire_date_a5c62663" ON "django_session" ("expire_date");
CREATE INDEX "messaging_thread_participant1_id_92c20df8" ON "messaging_thread" ("participant1_id");
CREATE INDEX "messaging_thread_participant2_id_5e083fdc" ON "messaging_thread" ("participant2_id");
CREATE INDEX "messaging_message_sender_id_7a7088e6" ON "messaging_message" ("sender_id");
CREATE INDEX "messaging_message_thread_id_f689027f" ON "messaging_message" ("thread_id");
COMMIT;
